{
    "loss": 33.165889739990234,
    "accuracy": 0.9414588809013367
}