{
    "loss": 1.0891919136047363,
    "accuracy": 0.8946385979652405
}